"Id","OwnerId","IsDeleted","Name","CreatedDate","CreatedById","LastModifiedDate","LastModifiedById","SystemModstamp","Dialpad__Line_Number__c","Dialpad__Messege__c","Dialpad__Stack_Trace__c"
"a0a5f0000037NNuAAM","0055f000007Nu2HAAS","0","a0a5f0000037NNu","2022-04-28 21:15:21","0055f000007Nu2HAAS","2022-04-28 21:15:21","0055f000007Nu2HAAS","2022-04-28 21:15:21","232","List has no rows for assignment to SObject","(Dialpad)"
"a0a5f0000037cdfAAA","0055f000007Nu2HAAS","0","a0a5f0000037cdf","2022-05-11 23:52:32","0055f000007Nu2HAAS","2022-05-11 23:52:32","0055f000007Nu2HAAS","2022-05-11 23:52:32","232","List has no rows for assignment to SObject","(Dialpad)"
"a0a5f0000037f4wAAA","0055f000007NtvpAAC","0","a0a5f0000037f4w","2022-05-23 20:01:30","0055f000007NtvpAAC","2022-05-23 20:01:30","0055f000007NtvpAAC","2022-05-23 20:01:30","73","List index out of bounds: 0","(Dialpad)"
"a0a5f0000037f51AAA","0055f000007NtvpAAC","0","a0a5f0000037f51","2022-05-23 20:01:31","0055f000007NtvpAAC","2022-05-23 20:01:31","0055f000007NtvpAAC","2022-05-23 20:01:31","73","List index out of bounds: 0","(Dialpad)"
"a0a5f0000037f56AAA","0055f000007NtvpAAC","0","a0a5f0000037f56","2022-05-23 20:01:33","0055f000007NtvpAAC","2022-05-23 20:01:33","0055f000007NtvpAAC","2022-05-23 20:01:33","73","List index out of bounds: 0","(Dialpad)"
"a0a5f0000037f5BAAQ","0055f000007NtvpAAC","0","a0a5f0000037f5B","2022-05-23 20:01:33","0055f000007NtvpAAC","2022-05-23 20:01:33","0055f000007NtvpAAC","2022-05-23 20:01:33","73","List index out of bounds: 0","(Dialpad)"
"a0a5f0000037f5GAAQ","0055f000007NtvpAAC","0","a0a5f0000037f5G","2022-05-23 20:01:36","0055f000007NtvpAAC","2022-05-23 20:01:36","0055f000007NtvpAAC","2022-05-23 20:01:36","73","List index out of bounds: 0","(Dialpad)"
"a0a5f0000037f5LAAQ","0055f000007NtvpAAC","0","a0a5f0000037f5L","2022-05-23 20:01:37","0055f000007NtvpAAC","2022-05-23 20:01:37","0055f000007NtvpAAC","2022-05-23 20:01:37","73","List index out of bounds: 0","(Dialpad)"
"a0a5f0000037f5QAAQ","0055f000007NtvpAAC","0","a0a5f0000037f5Q","2022-05-23 20:01:47","0055f000007NtvpAAC","2022-05-23 20:01:47","0055f000007NtvpAAC","2022-05-23 20:01:47","73","List index out of bounds: 0","(Dialpad)"
"a0a5f0000037w3aAAA","0055f000007Nu2HAAS","0","a0a5f0000037w3a","2022-08-06 21:11:38","0055f000007Nu2HAAS","2022-08-06 21:11:38","0055f000007Nu2HAAS","2022-08-06 21:11:38","232","List has no rows for assignment to SObject","(Dialpad)"
